symbol,name,priceIntraday,change,percentChange,volume,avgVol3month,market,cap,pERatioTTM
SPG-PJ,"Simon Property Group, Inc.",71.25,+0.03,+0.04%,150,716,60.242B,9.52,
CCI,Crown Castle International Corp. (REIT),143.87,+0.95,+0.66%,"143,876",1.932M,59.815B,83.69,
PLD,"Prologis, Inc.",83.23,+0.84,+1.02%,"246,954",2.252M,52.529B,30.91,
EQIX,"Equinix, Inc. (REIT)",555.57,+3.76,+0.68%,"50,098","377,380",47.123B,91.88,
SPG,"Simon Property Group, Inc.",150.03,+1.42,+0.96%,"167,020",1.592M,46.213B,20.05,
PSA,Public Storage,259.34,+0.56,+0.22%,"85,760","787,204",45.28B,30.95,
PSA-PH,Public Storage,27.38,+0.10,+0.37%,"1,180","57,722",44.164B,3.27,
PSA-PU,Public Storage DEP SHS PFD-U,25.52,+0.01,+0.04%,555,"16,376",37.511B,3.78,
WELL,Welltower Inc.,88.99,+0.20,+0.23%,"158,269",2.096M,36.063B,59.17,
EQR,Equity Residential,82.29,+0.65,+0.80%,"105,076",1.238M,30.517B,41.10,
SBAC,SBA Communications Corporation,262.02,+1.73,+0.66%,"115,518","627,638",29.636B,230.65,
AVB,"AvalonBay Communities, Inc.",207.65,+1.81,+0.88%,"52,448","609,604",29B,31.44,
DLR-PJ,"Digital Realty Trust, Inc.",25.91,+0.03,+0.14%,"2,475","18,597",27.778B,23.74,
DLR-PK,"Digital Realty Trust, Inc.",26.73,+0.07,+0.26%,398,"30,494",27.774B,24.50,
DLR-PC,"Digital Realty Trust, Inc.",27.63,+0.13,+0.47%,518,"21,493",27.611B,25.33,
DLR-PG,"Digital Realty Trust, Inc.",25.52,0.00,0.00%,115,"22,080",27.377B,23.39,
VTR,"Ventas, Inc.",73.17,-0.03,-0.04%,"244,088",2.396M,27.262B,52.56,
DLR-PI,"Digital Realty Trust, Inc.",26.31,-0.06,-0.23%,205,"14,386",26.875B,24.12,
DLR,"Digital Realty Trust, Inc.",124.76,+1.09,+0.88%,"80,866",1.069M,25.993B,114.35,
BXP-PB,"Boston Properties, Inc.",25.28,-0.07,-0.28%,108,"11,962",23.914B,7.39,
O,Realty Income Corporation,72.93,+0.12,+0.16%,"148,411",1.673M,23.208B,56.23,
CSGP,"CoStar Group, Inc.",628.59,+9.74,+1.57%,"33,534","260,103",22.974B,78.98,
ESS,"Essex Property Trust, Inc.",315.31,+0.59,+0.19%,"46,817","285,558",20.725B,50.77,
BXP,"Boston Properties, Inc.",128.56,+0.35,+0.27%,"51,162","670,796",19.871B,37.59,
WY,Weyerhaeuser Company,25.10,-0.06,-0.24%,"386,528",4.931M,18.698B,N/A,
BPY,Brookfield Property Partners L.P.,19.14,+0.06,+0.31%,"101,160",1.038M,18.218B,13.96,
CBRE,"CBRE Group, Inc.",52.28,+0.63,+1.22%,"103,423",1.442M,17.584B,16.63,
BPYPP,Brookfield Property Partners L.P.,25.74,0.00,0.00%,"1,050","26,541",17.01B,18.77,
HCP,"HCP, Inc.",34.55,+0.07,+0.20%,"299,184",2.889M,16.968B,16.90,
ARE,"Alexandria Real Estate Equities, Inc.",149.37,+1.27,+0.86%,"72,894","860,998",16.941B,42.73,
ARE-PD,"Alexandria Real Estate Equities, Inc.",38.90,0.00,0.00%,564,"4,943",16.688B,11.13,
EXR,Extra Space Storage Inc.,120.86,+0.24,+0.20%,"98,892","773,768",15.533B,35.82,
INVH,Invitation Homes Inc.,28.43,+0.11,+0.40%,"297,273",4.884M,15.288B,177.71,
WPC,W. P. Carey Inc.,88.96,+0.34,+0.38%,"84,834","842,500",15.193B,32.67,
VNO-PK,Vornado Realty Trust PFD SER K,25.56,+0.09,+0.34%,222,"15,549",14.329B,53.24,
VNO-PM,Vornado Realty Trust,25.60,0.00,0.00%,"3,991","28,726",14.41B,1.70,
MAA,"Mid-America Apartment Communities, Inc.",125.73,+1.52,+1.22%,"84,519","534,922",14.339B,60.71,
MAA-PI,"Mid-America Apartment Communities, Inc.",65.55,0.00,0.00%,92,600,14.343B,31.65,
VNO-PL,Vornado Realty Trust,25.41,+0.00,+0.01%,"1,708","19,830",14.039B,1.69,
UDR,"UDR, Inc.",47.58,+0.60,+1.28%,"214,234",1.442M,13.933B,83.18,
NLY-PF,"Annaly Capital Management, Inc.",25.89,0.00,0.00%,587,"60,257",13.502B,N/A,
NLY-PD,"Annaly Capital Management, Inc.",25.60,-0.03,-0.12%,"11,748","34,781",13.44B,N/A,
NLY-PG,"Annaly Capital Management, Inc.",24.69,-0.00,-0.00%,"7,798","79,133",13.4B,N/A,
SUI,"Sun Communities, Inc.",146.88,+0.85,+0.58%,"47,414","598,890",13.318B,97.08,
NLY,"Annaly Capital Management, Inc.",9.02,+0.07,+0.73%,1.981M,14.257M,13.128B,N/A,
ELS,"Equity LifeStyle Properties, Inc.",136.07,+1.09,+0.81%,"47,502","588,261",12.387B,46.05,
DRE,Duke Realty Corporation,33.48,+0.22,+0.66%,"135,146",1.889M,12.101B,52.07,
VNO,Vornado Realty Trust,61.60,+0.35,+0.57%,"169,674",1.029M,11.754B,4.10,
HST,"Host Hotels & Resorts, Inc.",16.00,+0.15,+0.95%,"894,667",6.461M,11.678B,10.80,
REG,Regency Centers Corporation,65.24,+0.05,+0.08%,"54,780","914,755",10.931B,37.93,
FRT-PC,Federal Realty Investment Trust,25.92,+0.04,+0.15%,507,"16,292",10.528B,7.71,
CPT,Camden Property Trust,107.38,+1.19,+1.13%,"51,964","493,198",10.397B,65.51,
FRT,Federal Realty Investment Trust,130.82,+0.17,+0.13%,"29,984","428,657",9.805B,38.91,
VICI,VICI Properties Inc.,20.92,+0.19,+0.92%,"258,494",5.089M,9.644B,14.31,
VER-PF,"VEREIT, Inc.",25.50,+0.01,+0.04%,"4,897","68,638",9.55B,103.66,
VER,"VEREIT, Inc.",9.70,+0.09,+0.88%,1.453M,10.772M,9.447B,39.45,
AMH-PH,American Homes 4 Rent,27.19,+0.09,+0.32%,"11,693","14,079",9.348B,114.24,
NNN-PF,"National Retail Properties, Inc.",25.80,+0.08,+0.29%,"1,186","32,782",9.284B,17.11,
AMH-PF,American Homes 4 Rent,26.50,-0.01,-0.03%,225,"16,193",9.263B,111.34,
AMH-PG,American Homes 4 Rent,26.67,0.00,0.00%,"10,663","7,884",9.228B,112.06,
IRM,Iron Mountain Incorporated,31.77,+0.28,+0.91%,"194,006",202.487M,9.123B,25.85,
AGNCM,AGNC Investment Corp.,25.65,-0.00,-0.02%,425,"53,353",9.117B,N/A,
NNN-PE,"National Retail Properties, Inc.",25.63,+0.09,+0.35%,142,"17,772",9.096B,17.00,
AMH-PD,American Homes 4 Rent,27.25,+0.20,+0.74%,"3,634","20,433",9.109B,114.50,
NNN,"National Retail Properties, Inc.",54.94,+0.06,+0.11%,"84,144","893,755",8.983B,36.43,
AMH-PE,American Homes 4 Rent,26.93,+0.11,+0.42%,"8,930","25,700",9.029B,113.15,
AGNCN,AGNC Investment Corp.,26.10,-0.02,-0.07%,"2,601","34,409",8.964B,N/A,
AGNCB,AGNC Investment Corp.,25.67,0.00,0.00%,"4,789","18,266",8.929B,N/A,
AGNC,AGNC Investment Corp.,16.26,+0.03,+0.18%,"945,111",5.082M,8.908B,N/A,
MGP,MGM Growth Properties LLC,29.46,+0.12,+0.40%,"23,495","700,038",8.616B,29.31,
OHI,"Omega Healthcare Investors, Inc.",39.22,0.00,0.00%,"328,232",1.522M,8.493B,30.91,
STOR,STORE Capital Corporation,36.50,-0.09,-0.25%,"198,464",1.448M,8.43B,36.76,
KIM-PM,Kimco Realty Corporation,25.35,-0.02,-0.08%,"2,965","25,399",8.328B,31.57,
KIM-PL,Kimco Realty Corporation,25.16,-0.02,-0.08%,"2,124","24,326",8.214B,31.33,
KIM-PJ,Kimco Realty Corporation,25.59,+0.05,+0.18%,572,"12,203",8.221B,31.86,
MPW,"Medical Properties Trust, Inc.",18.28,+0.13,+0.74%,"282,610",4.482M,8.16B,7.16,
GLPI,"Gaming and Leisure Properties, Inc.",37.61,+0.15,+0.40%,"108,907",1.114M,8.074B,24.05,
CONE,CyrusOne Inc.,70.69,+0.70,+1.00%,"324,562","939,385",8.002B,N/A,
KRC,Kilroy Realty Corporation,79.20,+0.63,+0.80%,"25,273","523,963",7.997B,29.57,
KIM-PI,Kimco Realty Corporation,25.28,-0.30,-1.19%,"37,109","9,152",7.953B,31.48,
KIM-PK,Kimco Realty Corporation,25.17,-0.37,-1.45%,"51,677","12,503",7.95B,31.34,
KIM,Kimco Realty Corporation,18.69,+0.02,+0.13%,"488,449",3.694M,7.891B,23.28,
LPT,Liberty Property Trust,52.29,+0.19,+0.36%,"35,401","752,773",7.761B,16.35,
LAMR,Lamar Advertising Company (REIT),76.54,+1.08,+1.44%,"17,431","319,809",7.683B,21.28,
AIV,Apartment Investment and Management Company,50.97,+0.31,+0.61%,"75,122",1.022M,7.589B,8.39,
AMH,American Homes 4 Rent,25.07,+0.16,+0.65%,"65,736",1.798M,7.534B,105.35,
SLG-PI,SL Green Realty Corp.,25.94,0.00,0.00%,"3,201","10,614",7.532B,9.42,
DEI,"Douglas Emmett, Inc.",42.37,+0.44,+1.04%,"145,485","720,936",7.424B,61.40,
Z,"Zillow Group, Inc.",35.35,-0.59,-1.64%,"618,390",2.901M,7.292B,N/A,
ZG,"Zillow Group, Inc.",35.18,-0.45,-1.27%,"122,420","954,717",7.294B,N/A,
JLL,Jones Lang LaSalle Incorporated,134.79,+1.96,+1.47%,"28,019","417,703",6.944B,13.26,
COLD,Americold Realty Trust,36.16,+0.23,+0.64%,"192,372",2.19M,6.93B,212.71,
CUBE,CubeSmart,35.22,-0.03,-0.07%,"248,001",1.211M,6.777B,37.91,
STWD,"Starwood Property Trust, Inc.",23.58,+0.10,+0.43%,"211,249",1.481M,6.637B,17.51,
SLG,SL Green Realty Corp.,79.24,+0.08,+0.10%,"50,455","806,130",6.531B,28.76,
ACC,"American Campus Communities, Inc.",47.46,+0.27,+0.57%,"39,149","656,044",6.521B,79.10,
PSB-PY,"PS Business Parks, Inc.",25.90,+0.14,+0.54%,"3,029","20,352",6.397B,6.36,
PSB-PX,"PS Business Parks, Inc.",26.18,-0.09,-0.34%,"1,085","18,066",6.364B,6.43,
PSB-PW,"PS Business Parks, Inc.",25.53,+0.03,+0.11%,570,"16,851",6.262B,6.27,
PSB-PV,"PS Business Parks, Inc.",25.68,-0.17,-0.67%,"20,618","5,564",6.204B,6.31,
PSB-PU,"PS Business Parks, Inc.",25.51,-0.09,-0.35%,700,"13,207",6.101B,6.26,
EPR-PG,EPR Properties,25.55,-0.14,-0.53%,"1,802","12,999",6.021B,7.54,
EPR,EPR Properties,76.23,+0.41,+0.54%,"40,242","457,584",5.912B,22.51,
NRZ,New Residential Investment Corp.,14.22,+0.06,+0.42%,"703,573",3.571M,5.909B,18.05,
SHO-PE,"Sunstone Hotel Investors, Inc. RED PFD SER E",26.64,0.00,0.00%,14,"9,331",5.998B,56.32,
HTA,"Healthcare Trust of America, Inc.",28.03,-0.09,-0.30%,"245,411",1.373M,5.752B,26.96,
HHC,The Howard Hughes Corporation,130.34,+0.82,+0.63%,"39,810","333,598",5.624B,53.11,
BRX,Brixmor Property Group Inc.,18.67,+0.16,+0.89%,"194,169",2.75M,5.562B,15.79,
JBGS,JBG SMITH Properties,39.13,+0.19,+0.49%,"28,524","484,403",5.329B,118.94,
HPP,"Hudson Pacific Properties, Inc.",33.90,+0.22,+0.64%,"23,193","893,861",5.233B,"1,412.29",
TPL,Texas Pacific Land Trust,666.00,-5.17,-0.77%,702,"12,453",5.166B,17.06,
CUZ,Cousins Properties Incorporated,34.74,+0.14,+0.39%,"58,132",2.479M,5.098B,67.84,
FR,"First Industrial Realty Trust, Inc.",38.78,+0.19,+0.49%,"61,539","775,963",4.905B,34.02,
PK,Park Hotels & Resorts Inc.,24.09,+0.17,+0.71%,"113,838",1.813M,4.857B,17.17,
PSB,"PS Business Parks, Inc.",175.68,-0.94,-0.53%,"51,069","111,141",4.819B,43.14,
LSI,"Life Storage, Inc.",103.18,+0.06,+0.05%,"81,826","350,760",4.813B,23.09,
REXR,"Rexford Industrial Realty, Inc.",43.58,+0.08,+0.20%,"56,564","835,373",4.783B,108.69,
ESRT,"Empire State Realty Trust, Inc.",13.38,+0.04,+0.30%,"65,640",1.28M,4.775B,41.55,
BXMT,"Blackstone Mortgage Trust, Inc.",35.16,+0.11,+0.31%,"260,275","988,453",4.722B,14.15,
EGP,"EastGroup Properties, Inc.",124.68,-0.07,-0.06%,"46,137","261,693",4.683B,49.77,
HIW,"Highwoods Properties, Inc.",44.01,+0.35,+0.79%,"204,775","709,269",4.565B,34.31,
REXR-PB,"Rexford Industrial Realty, Inc.",26.98,+0.36,+1.35%,800,"2,190",4.549B,67.28,
REXR-PA,"Rexford Industrial Realty, Inc.",26.28,0.00,0.00%,21,"2,346",4.376B,65.54,
HR,Healthcare Realty Trust Incorporated,33.13,+0.06,+0.18%,"82,364","707,800",4.282B,137.47,
RHP,"Ryman Hospitality Properties, Inc.",82.62,+1.14,+1.41%,"41,946","289,863",4.251B,16.38,
COR,CoreSite Realty Corporation,113.89,+0.31,+0.27%,"42,093","297,800",4.202B,53.39,
SRC,"Spirit Realty Capital, Inc.",46.25,-0.02,-0.04%,"101,656",1.45M,4.168B,24.64,
EQC,Equity Commonwealth,34.13,+0.09,+0.26%,"26,339","480,106",4.161B,8.53,
MAC,Macerich Company,29.44,+0.14,+0.48%,"191,701",1.799M,4.159B,38.43,
HPT,Hospitality Properties Trust,24.95,+0.26,+1.05%,"112,599","875,360",4.103B,16.88,
SRC-PA,"Spirit Realty Capital, Inc.",25.86,+0.03,+0.13%,"10,047","23,454",4.043B,13.78,
FSV,FirstService Corporation,103.11,+0.21,+0.20%,"2,906","41,306",4.058B,N/A,
EQC-PD,Equity Commonwealth,27.24,-0.01,-0.04%,106,"9,064",4.043B,6.81,
OUT,Outfront Media Inc.,28.17,+0.82,+3.00%,"180,209",1.094M,4.038B,25.26,
STAG-PC,"STAG Industrial, Inc.",27.80,+0.43,+1.58%,176,"6,911",3.977B,45.87,
CWK,Cushman & Wakefield plc,17.66,+0.36,+2.08%,"24,657","891,853",3.833B,N/A,
SBRA,"Sabra Health Care REIT, Inc.",21.25,+0.15,+0.69%,"213,521",1.314M,3.813B,29.06,
STAG,"STAG Industrial, Inc.",29.57,+0.12,+0.41%,"71,512",1.022M,3.76B,48.80,
TCO-PK,"Taubman Centers, Inc.",25.49,-0.01,-0.02%,"2,500","10,972",3.741B,34.40,
TCO-PJ,"Taubman Centers, Inc.",25.35,0.00,0.00%,"8,205","16,041",3.733B,34.21,
PEB-PD,Pebblebrook Hotel Trust,26.40,0.00,0.00%,"1,536","7,184",3.713B,N/A,
PEB-PC,Pebblebrook Hotel Trust,25.29,-0.10,-0.39%,650,"8,079",3.702B,N/A,
CIM,Chimera Investment Corporation,19.72,+0.01,+0.05%,"234,672",1.235M,3.691B,21.65,
CIM-PD,Chimera Investment Corporation,26.33,+0.05,+0.19%,"7,016","33,368",3.688B,28.90,
CIM-PA,Chimera Investment Corporation,26.51,-0.01,-0.06%,200,"13,098",3.666B,29.10,
CIM-PB,Chimera Investment Corporation,26.42,0.00,0.00%,1,"23,714",3.671B,29.00,
CIM-PC,Chimera Investment Corporation,25.62,+0.06,+0.24%,"5,300","26,366",3.641B,28.13,
TWO,Two Harbors Investment Corp.,13.33,+0.05,+0.38%,"231,595",2.984M,3.638B,N/A,
TWO-PC,Two Harbors Investment Corp.,25.89,+0.23,+0.90%,"1,743","56,983",3.898B,7.09,
TWO-PB,Two Harbors Investment Corp.,26.80,+0.32,+1.21%,588,"25,700",3.627B,N/A,
TWO-PA,Two Harbors Investment Corp.,27.92,+0.32,+1.16%,"1,472","15,190",3.621B,N/A,
NHI,"National Health Investors, Inc.",82.67,-0.16,-0.19%,"18,787","200,944",3.571B,23.10,
APLE,"Apple Hospitality REIT, Inc.",15.90,+0.17,+1.08%,"295,495",1.29M,3.56B,18.32,
PEB,Pebblebrook Hotel Trust,26.81,+0.22,+0.83%,"72,467",1.005M,3.502B,N/A,
WRI,Weingarten Realty Investors,27.24,+0.09,+0.33%,"43,665","903,846",3.504B,14.84,
TRNO,Terreno Realty Corporation,50.85,+0.08,+0.17%,"23,606","336,261",3.333B,53.03,
MFA-PB,"MFA Financial, Inc.",25.60,+0.05,+0.20%,"3,327","18,142",3.313B,36.42,
MFA,"MFA Financial, Inc.",7.31,+0.01,+0.14%,"400,308",2.375M,3.295B,10.40,
DOC,Physicians Realty Trust,17.68,+0.06,+0.34%,"134,913",1.314M,3.276B,65.24,
OFC,Corporate Office Properties Trust,29.08,+0.24,+0.83%,"58,031","806,809",3.234B,19.40,
PGRE,"Paramount Group, Inc.",13.35,+0.07,+0.53%,"50,560",1.296M,3.125B,64.49,
RLJ-PA,RLJ Lodging Trust,26.77,+0.16,+0.59%,"12,854","36,354",3.073B,28.15,
ADC,Agree Realty Corporation,72.43,+0.16,+0.22%,"16,421","280,919",3.04B,40.60,
SHO,"Sunstone Hotel Investors, Inc.",13.20,+0.05,+0.34%,"389,782",1.801M,3.019B,14.14,
KW,"Kennedy-Wilson Holdings, Inc.",20.97,+0.13,+0.62%,"19,590","346,065",2.989B,33.50,
QTS-PB,"QTS Realty Trust, Inc.",117.04,0.00,0.00%,34,"9,756",3.023B,N/A,
QTS-PA,"QTS Realty Trust, Inc.",26.57,-0.03,-0.12%,795,"11,412",2.946B,N/A,
ARI,"Apollo Commercial Real Estate Finance, Inc.",18.71,+0.14,+0.75%,"316,556",1.104M,2.873B,12.36,
RLJ,RLJ Lodging Trust,16.42,+0.22,+1.36%,"335,635",1.286M,2.851B,17.27,
AAT,"American Assets Trust, Inc.",47.14,+0.08,+0.17%,"13,353","554,112",2.815B,61.22,
QTS,"QTS Realty Trust, Inc.",49.23,+0.55,+1.13%,"90,580","417,569",2.727B,N/A,
CIGI,Colliers International Group Inc.,68.39,+0.67,+1.00%,"12,040","69,901",2.71B,29.01,
CLNY-PJ,"Colony Capital, Inc.",22.61,+0.05,+0.22%,"2,048","30,136",2.691B,N/A,
CLNY-PG,"Colony Capital, Inc.",23.25,+0.11,+0.48%,950,"10,110",2.689B,N/A,
CLNY-PB,"Colony Capital, Inc.",24.96,+0.01,+0.04%,2,"11,715",2.681B,N/A,
CLNY-PH,"Colony Capital, Inc.",22.35,+0.07,+0.30%,"1,794","31,346",2.674B,N/A,
NSA-PA,National Storage Affiliates Trust,26.25,-0.14,-0.53%,262,"17,177",2.649B,N/A,
CLNY-PI,"Colony Capital, Inc.",22.82,+0.05,+0.22%,"2,466","37,805",2.653B,N/A,
CLNY-PE,"Colony Capital, Inc.",25.08,+0.10,+0.38%,701,"19,459",2.649B,N/A,
BDN,Brandywine Realty Trust,14.55,+0.16,+1.11%,"186,721",1.532M,2.564B,28.70,
PDM,"Piedmont Office Realty Trust, Inc.",20.26,+0.28,+1.40%,"278,785","692,169",2.548B,21.26,
PCH,PotlatchDeltic Corporation,37.70,+0.54,+1.45%,"40,609","420,371",2.533B,29.38,
CXP,"Columbia Property Trust, Inc.",21.53,+0.09,+0.44%,"35,734","449,020",2.518B,40.33,
LXP,Lexington Realty Trust,10.65,+0.11,+1.00%,"181,202",1.571M,2.499B,8.83,
TCO,"Taubman Centers, Inc.",40.81,+0.12,+0.29%,"67,403","532,180",2.498B,55.07,
SITC-PA,SITE Centers Corp.,26.42,+0.13,+0.51%,753,"8,396",2.501B,25.26,
SITC,SITE Centers Corp.,13.72,+0.02,+0.15%,"91,976",1.141M,2.477B,13.12,
SITC-PK,SITE Centers Corp.,25.90,-0.01,-0.04%,"3,545","8,355",2.464B,24.76,
SITC-PJ,SITE Centers Corp.,25.48,+0.03,+0.10%,202,"9,163",2.454B,24.36,
RPAI,"Retail Properties of America, Inc.",11.41,+0.02,+0.22%,"72,714",1.165M,2.439B,35.90,
SRG-PA,Seritage Growth Properties,25.09,+0.17,+0.70%,200,"5,075",2.435B,N/A,
XHR,"Xenia Hotels & Resorts, Inc.",20.93,+0.28,+1.36%,"30,504","657,749",2.358B,17.09,
LXP-PC,Lexington Realty Trust,54.84,-0.53,-0.96%,"1,020","3,928",2.351B,45.47,
AKR,Acadia Realty Trust,27.78,+0.08,+0.29%,"17,845","399,604",2.346B,61.19,
GRP-UN,Granite Real Estate Investment Trust,47.35,+0.10,+0.21%,204,"10,881",2.342B,4.70,
CTRE,"CareTrust REIT, Inc.",23.27,-0.01,-0.04%,"53,328","861,057",2.224B,30.99,
SRG,Seritage Growth Properties,39.33,+0.14,+0.36%,"7,391","185,138",2.195B,N/A,
GEO,"The GEO Group, Inc.",18.08,+0.43,+2.44%,"68,935","963,979",2.192B,14.02,
IVR-PB,Invesco Mortgage Capital Inc.,26.95,-0.10,-0.37%,500,"10,130",2.176B,N/A,
SNH,Senior Housing Properties Trust,9.05,+0.06,+0.67%,"188,010",2.868M,2.152B,N/A,
CXW,"CoreCivic, Inc.",17.99,+0.32,+1.81%,"81,503","935,739",2.143B,11.91,
WRE,Washington Real Estate Investment Trust,26.74,+0.17,+0.62%,"19,373","418,498",2.141B,278.49,
IVR-PA,Invesco Mortgage Capital Inc.,26.07,-0.10,-0.39%,836,"9,308",2.116B,N/A,
UE,Urban Edge Properties,17.22,+0.06,+0.35%,"58,165","769,766",2.087B,24.22,
IVR-PC,Invesco Mortgage Capital Inc.,25.71,-0.06,-0.24%,"3,031","37,045",2.081B,N/A,
ROIC,Retail Opportunity Investments Corp.,17.81,+0.01,+0.06%,"122,235","926,565",2.036B,44.86,
IVR,Invesco Mortgage Capital Inc.,15.81,+0.01,+0.06%,"361,761",1.38M,2.036B,N/A,
CLI,Mack-Cali Realty Corporation,22.26,-0.04,-0.18%,"39,904","425,434",2.016B,8.41,
LADR,Ladder Capital Corp,16.83,+0.20,+1.23%,"85,188","698,842",2.016B,11.97,
LTC,"LTC Properties, Inc.",49.09,+0.04,+0.08%,"26,440","203,098",1.951B,18.41,
NSA,National Storage Affiliates Trust,32.60,+0.17,+0.52%,"68,105","432,680",1.933B,N/A,
PMT,PennyMac Mortgage Investment Trust,22.00,+0.18,+0.80%,"169,979",1.004M,1.931B,9.44,
FCPT,"Four Corners Property Trust, Inc.",28.07,+0.08,+0.29%,"15,148","453,377",1.92B,25.63,
DRH,DiamondRock Hospitality Company,9.48,+0.08,+0.80%,"96,838",1.813M,1.897B,20.87,
BPRAP,Brookfield Property REIT Inc.,25.43,-0.03,-0.12%,150,"15,158",1.85B,0.53,
ALX,"Alexander's, Inc.",361.97,+1.44,+0.40%,"10,994","13,731",1.849B,34.23,
HASI,"Hannon Armstrong Sustainable Infrastructure Capital, Inc.",27.26,+0.09,+0.33%,"22,074","315,069",1.791B,31.59,
BFS-PD,"Saul Centers, Inc.",25.34,0.00,0.00%,18,"4,515",1.724B,14.32,
EPRT,"Essential Properties Realty Trust, Inc.",22.24,+0.13,+0.59%,"89,444","969,658",1.698B,43.10,
PMT-PA,PennyMac Mortgage Investment Trust,26.58,-0.04,-0.15%,"1,029","10,961",1.689B,11.41,
PMT-PB,PennyMac Mortgage Investment Trust,26.36,-0.00,-0.01%,"1,333","13,425",1.685B,11.32,
GNL,"Global Net Lease, Inc.",19.82,+0.09,+0.46%,"58,952","558,974",1.675B,138.60,
ALEX,"Alexander & Baldwin, Inc.",23.07,+0.20,+0.87%,"7,904","302,065",1.667B,N/A,
RWT,"Redwood Trust, Inc.",17.18,+0.08,+0.47%,"140,937","620,592",1.664B,12.66,
CLNC,"Colony Credit Real Estate, Inc.",12.95,-0.10,-0.73%,"90,926","290,522",1.665B,N/A,
GNL-PA,"Global Net Lease, Inc.",25.48,-0.02,-0.07%,"6,679","17,563",1.655B,178.19,
DEA,"Easterly Government Properties, Inc.",20.79,+0.08,+0.39%,"281,564","719,006",1.631B,183.98,
BFS-PC,"Saul Centers, Inc.",25.47,0.00,0.00%,"4,402","9,310",1.614B,14.40,
UNIT,Uniti Group Inc.,8.55,+0.02,+0.29%,"212,388",3.194M,1.65B,28.67,
CHSP,Chesapeake Lodging Trust,26.15,+0.11,+0.42%,"25,289","301,880",1.589B,16.80,
NMRK,"Newmark Group, Inc.",8.81,+0.16,+1.91%,"131,428","840,301",1.573B,14.16,
RDFN,Redfin Corporation,16.90,-0.11,-0.65%,"271,884",1.052M,1.538B,N/A,
ABR-PC,"Arbor Realty Trust, Inc.",26.60,-0.18,-0.67%,100,"1,934",1.446B,19.16,
TRTX,"TPG RE Finance Trust, Inc.",19.38,0.00,0.00%,"11,482","292,398",1.436B,11.46,
ABR-PA,"Arbor Realty Trust, Inc.",25.98,+0.06,+0.23%,"1,500","2,006",1.422B,18.72,
ABR-PB,"Arbor Realty Trust, Inc.",25.70,+0.21,+0.82%,"1,390","1,685",1.409B,18.52,
BPR,Brookfield Property REIT Inc.,19.14,+0.04,+0.21%,"105,659",1.528M,1.407B,0.40,
MMI,"Marcus & Millichap, Inc.",35.95,+0.16,+0.45%,"15,110","230,092",1.405B,16.89,
ILPT,Industrial Logistics Properties Trust,21.44,+0.18,+0.85%,"13,572","404,290",1.395B,21.02,
SKT,"Tanger Factory Outlet Centers, Inc.",14.66,+0.02,+0.14%,"313,642",2.051M,1.371B,18.84,
OPI,Office Properties Income Trust,28.42,+0.45,+1.61%,"47,512","323,523",1.367B,N/A,
UHT,Universal Health Realty Income Trust,97.08,+0.74,+0.76%,"16,571","70,296",1.335B,77.24,
MNR-PC,Monmouth Real Estate Investment Corporation,24.73,+0.03,+0.10%,"6,616","31,814",1.328B,224.79,
NYMT,"New York Mortgage Trust, Inc.",6.27,+0.03,+0.48%,"386,292",2.75M,1.322B,9.83,
NYMTN,"New York Mortgage Trust, Inc.",24.77,+0.06,+0.26%,"3,531","31,704",1.312B,38.83,
NYMTP,"New York Mortgage Trust, Inc.",24.70,+0.09,+0.36%,279,"7,020",1.304B,38.71,
NYMTO,"New York Mortgage Trust, Inc.",24.96,+0.06,+0.23%,"2,050","10,530",1.303B,39.12,
AHH,"Armada Hoffler Properties, Inc.",17.51,+0.07,+0.40%,"31,074","239,411",1.296B,52.74,
AFIN,"American Finance Trust, Inc.",12.21,-0.07,-0.57%,"40,207","909,752",1.297B,N/A,
MNR,Monmouth Real Estate Investment Corporation,13.23,+0.09,+0.72%,"118,575","408,806",1.247B,N/A,
KRG,Kite Realty Group Trust,14.79,+0.15,+1.02%,"58,971","509,849",1.242B,N/A,
GTY,Getty Realty Corp.,30.04,+0.07,+0.23%,"17,623","116,260",1.235B,25.83,
IIPR,"Innovative Industrial Properties, Inc.",108.87,+2.77,+2.61%,"70,540","537,409",1.231B,97.73,
INN-PE,"Summit Hotel Properties, Inc.",25.35,+0.01,+0.04%,"1,200","12,673",1.218B,29.14,
IRT,"Independence Realty Trust, Inc.",13.45,+0.07,+0.56%,"52,536","450,344",1.226B,32.98,
BFS,"Saul Centers, Inc.",52.33,+1.03,+2.01%,"16,968","51,312",1.204B,29.58,
INN-PD,"Summit Hotel Properties, Inc.",25.72,-0.02,-0.08%,"1,400","3,917",1.203B,29.56,
AHH-PA,"Armada Hoffler Properties, Inc.",26.59,+0.16,+0.61%,700,"7,914",1.202B,76.41,
INN,"Summit Hotel Properties, Inc.",11.30,+0.10,+0.85%,"43,806","600,812",1.207B,12.98,
SAFE,Safehold Inc.,29.04,+0.19,+0.66%,"16,331","116,896",1.174B,33.46,
ABR,"Arbor Realty Trust, Inc.",12.32,+0.11,+0.90%,"153,933",1.384M,1.162B,8.88,
AFINP,"American Finance Trust, Inc.",25.60,0.00,0.00%,"2,060","33,877",1.143B,N/A,
KREF,KKR Real Estate Finance Trust Inc.,19.24,+0.11,+0.58%,"31,667","237,863",1.105B,13.40,
IIPR-PA,"Innovative Industrial Properties, Inc.",30.18,+0.15,+0.50%,"3,066","3,113",1.099B,27.09,
NXRT,"NexPoint Residential Trust, Inc.",45.81,+0.97,+2.16%,"11,780","89,768",1.095B,N/A,
ARR-PB,"ARMOUR Residential REIT, Inc.",25.01,-0.00,-0.01%,"3,417","31,782",1.09B,N/A,
JOE,The St. Joe Company,17.67,+0.16,+0.91%,"9,704","119,501",1.064B,60.10,
FPH,"Five Point Holdings, LLC",6.94,+0.08,+1.17%,"10,201","130,147",1.027B,N/A,
ARR,"ARMOUR Residential REIT, Inc.",17.03,+0.07,+0.41%,"84,511","703,200",1.008B,N/A,
GPMT,Granite Point Mortgage Trust Inc.,18.15,-0.18,-0.98%,"150,468","387,560",995.586M,12.77,
WPG-PI,Washington Prime Group Inc.,19.39,+0.13,+0.69%,170,"14,202",969.675M,110.82,
RPT,RPT Realty,12.04,+0.04,+0.33%,"27,826","555,239",967.539M,80.27,
WPG-PH,Washington Prime Group Inc.,20.71,0.00,0.00%,"2,239","21,248",953.921M,118.34,
WFE-PA,Wells Fargo Real Estate Investment Corporation,25.51,+0.02,+0.10%,"5,595","26,404",868.973M,0.72,
NRE,Northstar Realty Europe Corp.,16.91,-0.02,-0.15%,"118,874","724,344",850.146M,3.99,
STAR,iStar Inc.,12.97,+0.06,+0.46%,"84,795","927,226",839.08M,4.14,
CHCT,Community Healthcare Trust Incorporated,43.00,-0.20,-0.46%,"23,232","141,088",834.492M,323.31,
UBP,Urstadt Biddle Properties Inc.,16.58,+0.05,+0.32%,"1,060","2,696",817.041M,28.73,
IRET,Investors Real Estate Trust,69.53,+0.99,+1.45%,"19,305","47,446",822.444M,N/A,
UBP-PH,Urstadt Biddle Properties Inc.,27.38,-0.08,-0.31%,1,"6,362",805.23M,47.44,
CLDT,Chatham Lodging Trust,16.96,-0.07,-0.41%,"48,793","237,434",795.761M,31.41,
FOR,Forestar Group Inc.,18.89,-0.12,-0.63%,462,"33,028",792.622M,6.86,
IRET-PC,Investors Real Estate Trust,25.88,+0.02,+0.06%,"8,210","3,038",790.121M,N/A,
STAR-PD,iStar Inc.,26.08,-0.02,-0.08%,"2,799","5,579",784.126M,8.32,
UBA,Urstadt Biddle Properties Inc.,20.86,+0.09,+0.43%,"7,544","89,768",781.764M,36.15,
STAR-PG,iStar Inc.,25.63,-0.03,-0.12%,"2,067","9,394",778.595M,8.18,
STAR-PI,iStar Inc.,25.60,-0.10,-0.39%,"18,652","7,647",772.403M,8.17,
UBP-PG,Urstadt Biddle Properties Inc.,25.41,-0.06,-0.24%,"1,350","3,492",770.421M,44.04,
CMO,Capstead Mortgage Corporation,8.03,+0.02,+0.25%,"99,681","831,711",759.69M,N/A,
HT-PE,Hersha Hospitality Trust,24.70,+0.05,+0.20%,757,"13,701",744.05M,N/A,
HT-PD,Hersha Hospitality Trust,24.57,-0.08,-0.31%,"1,150","15,844",739.938M,N/A,
HT-PC,Hersha Hospitality Trust,25.51,-0.09,-0.33%,"2,220","7,419",734.449M,N/A,
RVI,Retail Value Inc.,37.40,+0.28,+0.75%,"4,605","109,725",712.208M,4.65,
GOOD,Gladstone Commercial Corporation,22.35,+0.05,+0.23%,"32,970","122,531",712.044M,"1,015.76",
RLGY,Realogy Holdings Corp.,6.23,+0.08,+1.30%,"719,846",4.964M,712.239M,14.32,
CMO-PE,Capstead Mortgage Corporation,25.22,0.00,0.00%,"11,342","21,737",684.894M,N/A,
GOODP,Gladstone Commercial Corporation,27.69,+0.16,+0.59%,"2,400","2,946",678.28M,"1,258.64",
GOODO,Gladstone Commercial Corporation,27.49,+0.30,+1.09%,10,"1,360",667.38M,"1,249.55",
RC,Ready Capital Corporation,14.81,+0.09,+0.61%,"7,027","175,568",657.794M,7.89,
GOODM,Gladstone Commercial Corporation,25.37,+0.11,+0.42%,"5,662","6,647",647.331M,"1,153.18",
APTS,"Preferred Apartment Communities, Inc.",14.40,+0.08,+0.56%,"58,946","275,493",640.175M,N/A,
RESI,Front Yard Residential Corporation,11.30,+0.04,+0.36%,"16,311","253,801",608.239M,N/A,
CORR,"CorEnergy Infrastructure Trust, Inc.",45.22,+0.06,+0.12%,"22,941","117,079",580.028M,17.31,
HT,Hersha Hospitality Trust,14.72,-0.03,-0.19%,"24,769","305,793",578.121M,N/A,
OLP,"One Liberty Properties, Inc.",27.90,+0.24,+0.85%,"12,822","46,096",549.116M,29.68,
CPLG,CorePoint Lodging Inc.,9.37,-0.05,-0.53%,"46,713","454,387",540.758M,N/A,
SNR,New Senior Investment Group Inc.,6.56,+0.23,+3.63%,"97,040","447,841",539.288M,N/A,
MITT-PA,"AG Mortgage Investment Trust, Inc.",25.73,+0.04,+0.17%,444,"2,721",530.576M,39.71,
UMH-PD,"UMH Properties, Inc.",25.12,-0.09,-0.36%,400,"3,945",526.563M,N/A,
MITT-PB,"AG Mortgage Investment Trust, Inc.",25.80,0.00,0.00%,"20,522","6,080",526.052M,39.81,
UMH-PC,"UMH Properties, Inc.",25.51,-0.01,-0.05%,"2,574","33,204",523.105M,N/A,
CIO,"City Office REIT, Inc.",13.20,+0.10,+0.76%,"62,366","257,507",523.342M,N/A,
CORR-PA,"CorEnergy Infrastructure Trust, Inc.",25.82,0.00,0.00%,150,"16,980",516.916M,9.89,
MITT,"AG Mortgage Investment Trust, Inc.",15.76,+0.02,+0.13%,"19,840","200,057",515.915M,24.32,
UMH-PB,"UMH Properties, Inc.",25.91,+0.00,+0.01%,390,"4,090",513.198M,N/A,
WSR,Whitestone REIT,12.66,+0.08,+0.64%,"55,102","223,968",508.131M,23.19,
UMH,"UMH Properties, Inc.",12.69,+0.03,+0.24%,"52,595","168,753",501.42M,N/A,
CTT,"CatchMark Timber Trust, Inc.",10.06,+0.05,+0.50%,"25,948","186,004",493.004M,N/A,
FRPH,"FRP Holdings, Inc.",49.94,+0.52,+1.05%,"2,391","13,298",492.581M,34.42,
PEI-PD,Pennsylvania Real Estate Investment Trust,20.91,+0.06,+0.28%,"1,000","15,728",485.53M,N/A,
CIO-PA,"City Office REIT, Inc.",25.56,-0.08,-0.31%,"1,000","7,441",482.573M,N/A,
PEI-PB,Pennsylvania Real Estate Investment Trust,21.27,+0.03,+0.13%,"1,022","9,000",484.038M,N/A,
PEI-PC,Pennsylvania Real Estate Investment Trust,20.60,-0.10,-0.48%,900,"18,653",478.145M,N/A,
RMAX,"RE/MAX Holdings, Inc.",26.56,+0.46,+1.76%,"31,274","262,239",473.65M,17.25,
WMC,Western Asset Mortgage Capital Corporation,9.66,+0.02,+0.21%,"43,188","382,958",465.848M,13.42,
JCAP-PB,"Jernigan Capital, Inc.",26.10,+0.03,+0.12%,720,"3,180",455.194M,11.70,
ACRE,Ares Commercial Real Estate Corporation,15.29,+0.15,+0.99%,"12,092","165,800",441.402M,11.50,
JCAP,"Jernigan Capital, Inc.",19.56,+0.04,+0.20%,"11,154","157,746",442.664M,8.77,
GMRE-PA,Global Medical REIT Inc.,26.34,0.00,0.00%,"9,176","7,854",425.646M,80.30,
DX-PB,"Dynex Capital, Inc.",25.00,+0.15,+0.62%,"19,440","13,344",417.368M,N/A,
DX-PA,"Dynex Capital, Inc.",25.85,+0.00,+0.00%,"5,000","2,622",416.72M,N/A,
GMRE,Global Medical REIT Inc.,10.95,-0.06,-0.54%,"26,908","273,177",412.815M,N/A,
IRS,IRSA Inversiones y Representaciones Sociedad An√≥nima,7.16,-0.17,-2.32%,"10,472","124,565",418.102M,0.47,
BHR-PD,"Braemar Hotels & Resorts, Inc.",26.50,+0.22,+0.82%,"7,738","7,523",375.799M,N/A,
DX,"Dynex Capital, Inc.",15.21,+0.21,+1.37%,"114,533","357,204",374.891M,N/A,
AHT-PF,"Ashford Hospitality Trust, Inc.",21.69,+0.47,+2.22%,"5,514","23,044",371.036M,N/A,
ANH-PC,Anworth Mortgage Asset Corporation,25.45,0.00,0.00%,"1,100","3,442",365.97M,N/A,
IRCP,IRSA Propiedades Comerciales S.A.,13.00,-0.48,-3.55%,"5,016","5,274",382.115M,0.55,
SMTA,Spirit MTA REIT,8.49,-0.04,-0.47%,"81,397","390,534",366.428M,N/A,
AHT-PG,"Ashford Hospitality Trust, Inc.",21.04,+0.14,+0.67%,"3,679","29,227",358.785M,N/A,
AHT-PD,"Ashford Hospitality Trust, Inc.",24.64,+0.07,+0.28%,"4,131","14,755",363.945M,N/A,
AHT-PH,"Ashford Hospitality Trust, Inc.",21.30,0.00,0.00%,"1,792","21,151",362.573M,N/A,
XAN,Exantas Capital Corp.,11.35,+0.08,+0.71%,"9,189","148,115",361.642M,14.17,
BHR-PB,"Braemar Hotels & Resorts, Inc.",18.43,+0.11,+0.60%,"1,006","9,966",359.61M,N/A,
ANH-PA,Anworth Mortgage Asset Corporation,26.32,+0.22,+0.83%,900,"2,496",358.558M,N/A,
AHT-PI,"Ashford Hospitality Trust, Inc.",21.47,+0.32,+1.51%,46,"25,166",362.798M,N/A,
ANH-PB,Anworth Mortgage Asset Corporation,21.38,0.00,0.00%,"2,730",734,354.515M,N/A,
XAN-PC,Exantas Capital Corp.,26.25,-0.08,-0.30%,600,"7,649",348.264M,32.77,
NTP,Nam Tai Property Inc.,9.10,-0.10,-1.09%,"6,200","18,841",347.738M,N/A,
ORC,"Orchid Island Capital, Inc.",6.16,+0.07,+1.18%,"259,246","693,877",345.407M,N/A,
FPI,Farmland Partners Inc.,6.49,+0.09,+1.41%,"25,477","199,134",336.001M,47.03,
FPI-PB,Farmland Partners Inc.,23.83,+0.08,+0.33%,582,"15,046",332.438M,172.67,
CHMI-PB,Cherry Hill Mortgage Investment Corporation,25.50,+0.20,+0.79%,5,"6,297",307.423M,N/A,
BHR,"Braemar Hotels & Resorts, Inc.",9.34,+0.08,+0.86%,"25,355","204,998",307.311M,N/A,
AJX,Great Ajax Corp.,14.33,0.00,0.00%,"9,354","93,988",290.589M,8.92,
CHMI-PA,Cherry Hill Mortgage Investment Corporation,25.40,-0.00,-0.00%,505,"6,018",272.785M,N/A,
AI-PC,Arlington Asset Investment Corp.,22.66,+0.24,+1.06%,600,"7,909",266.781M,N/A,
AI-PB,Arlington Asset Investment Corp.,21.00,0.00,0.00%,200,"1,131",246.784M,N/A,
CDR-PB,"Cedar Realty Trust, Inc.",25.08,+0.08,+0.32%,"5,200","4,313",232.503M,281.80,
BRT,BRT Apartments Corp.,14.22,-0.15,-1.04%,"10,221","21,920",226.052M,73.68,
CHMI,Cherry Hill Mortgage Investment Corporation,13.31,+0.02,+0.15%,"57,310","245,228",224.894M,N/A,
CDR-PC,"Cedar Realty Trust, Inc.",22.08,0.00,0.00%,"2,137","17,263",224.311M,248.09,
STRS,Stratus Properties Inc.,26.49,-0.11,-0.41%,"1,086","6,360",216.6M,N/A,
TCI,"Transcontinental Realty Investors, Inc.",23.58,-0.74,-3.04%,479,"3,428",205.565M,1.17,
AI,Arlington Asset Investment Corp.,5.64,+0.04,+0.75%,"37,861","458,220",206.831M,N/A,
PICO,"PICO Holdings, Inc.",10.18,+0.17,+1.70%,"7,730","72,526",206.143M,35.10,
CBL-PD,"CBL & Associates Properties, Inc",7.65,+0.02,+0.26%,"24,930","77,066",204.719M,N/A,
CLPR,Clipper Realty Inc.,11.10,+0.08,+0.73%,"5,671","36,700",197.743M,N/A,
MLP,"Maui Land & Pineapple Company, Inc.",10.19,0.00,0.00%,539,"8,907",196.808M,536.32,
CBL-PE,"CBL & Associates Properties, Inc",6.97,-0.10,-1.41%,"5,280","38,968",189.186M,N/A,
ARL,"American Realty Investors, Inc.",11.30,-0.15,-1.31%,"1,569","3,430",180.767M,1.14,
EARN,Ellington Residential Mortgage REIT,10.73,+0.07,+0.66%,"13,923","49,252",133.772M,N/A,
PSTL,"Postal Realty Trust, Inc.",15.00,+0.07,+0.47%,508,"38,023",79.692M,N/A,
NLY-PI,"Annaly Capital Management, Inc.",25.72,+0.04,+0.16%,"2,692","218,200",N/A,N/A,
DTLA-P,Brookfield DTLA Fund Office Trust Investor Inc.,19.99,-0.25,-1.21%,"7,634","6,424",N/A,N/A,
CCI-PA,Crown Castle International Corp,"1,282.43",+3.54,+0.28%,"1,231","14,948",N/A,"1,269.73",
PSA-PV,Public Storage Dep Shs Repstg 1,25.48,-0.07,-0.27%,"2,253","30,347",N/A,N/A,
PSA-PW,Public Storage Depositary Share,25.28,+0.02,+0.09%,"1,304","22,420",N/A,N/A,
EPR-PE,EPR Properties Series E Cumulat,38.50,0.00,0.00%,150,"8,847",N/A,11.70,
PSA-PX,Public Storage Depositary Share,25.32,+0.05,+0.18%,340,"13,375",N/A,N/A,
SHO-PF,"Sunstone Hotel Investors, Inc. PFD SER F",26.38,0.00,0.00%,300,"1,335",5.94B,55.77,
PSA-PD,Public Storage Depositary Share,25.85,-0.05,-0.19%,"2,815","44,168",N/A,N/A,
NRZ-PA,New Residential Investment Corp.,26.05,+0.03,+0.12%,"8,887","99,833",N/A,33.06,
PSA-PA,Public Storage Depositary Share,25.80,+0.03,+0.12%,370,"15,012",N/A,N/A,
PSA-PG,Public Storage Depositary Share,26.30,+0.07,+0.26%,"2,438","26,559",N/A,N/A,
RPT-PD,Ramco-Gershenson Properties Trust PERP PFD-D CV,51.30,+0.40,+0.78%,104,"6,264",0,72.56,
PSA-PE,Public Storage Depositary Share,25.79,-0.00,-0.01%,"1,780","38,736",N/A,3.83,
EPR-PC,EPR Properties 5.75% Series C C,32.78,+0.37,+1.16%,"1,246","15,253",N/A,N/A,
PSA-PC,Public Storage Depositary Share,26.10,-0.14,-0.53%,"2,025","16,090",N/A,N/A,
PSA-PF,Public Storage Depositary Share,26.28,-0.04,-0.16%,"1,514","20,521",N/A,3.90,
PSA-PB,Public Storage Depositary Share,26.36,0.00,0.00%,290,"17,114",N/A,3.92,